{"_id":{"$oid":"62a550f075123652fc44b5d6"},"name":"USA Olympics","country":"United States","creation_year":1980,"creation_month":6,"creation_day":6,"members":[{"name":"Caeleb Remel Dressel","age":25,"number_olympic_participation":2,"_id":{"$oid":"62a550f075123652fc44b5d7"}},{"name":"Michael Charles Andrew","age":23,"number_olympic_participation":1,"_id":{"$oid":"62a550f075123652fc44b5d8"}},{"name":"Ryan Fitzgerald Murphy","age":26,"number_olympic_participation":2,"_id":{"$oid":"62a550f075123652fc44b5d9"}},{"name":"Andrew Wilson","age":28,"number_olympic_participation":3,"_id":{"$oid":"62a550f075123652fc44b5da"}},{"name":"Robert Finke","age":22,"number_olympic_participation":1,"_id":{"$oid":"62a550f075123652fc44b5db"}},{"name":"Jay Litherland","age":26,"number_olympic_participation":2,"_id":{"$oid":"62a550f075123652fc44b5dc"}}],"__v":0}
{"_id":{"$oid":"62ae2ff599e5e4e1265526cb"},"name":"German Team","country":"Germany","creation_year":2000,"creation_month":12,"creation_day":21,"members":[{"name":"Swimmer 1","age":25,"number_olympic_participation":2,"_id":{"$oid":"62ae2ff599e5e4e1265526cc"}},{"name":"Swimmer 2","age":23,"number_olympic_participation":1,"_id":{"$oid":"62ae2ff599e5e4e1265526cd"}},{"name":"Swimmer 3","age":26,"number_olympic_participation":2,"_id":{"$oid":"62ae2ff599e5e4e1265526ce"}}],"__v":0}
{"_id":{"$oid":"62ae307699e5e4e1265526da"},"name":"France Team","country":"France","creation_year":1800,"creation_month":11,"creation_day":11,"members":[{"name":"Swimmer 1","age":25,"number_olympic_participation":2,"_id":{"$oid":"62ae307699e5e4e1265526db"}},{"name":"Swimmer 2","age":23,"number_olympic_participation":1,"_id":{"$oid":"62ae307699e5e4e1265526dc"}},{"name":"Swimmer 3","age":26,"number_olympic_participation":2,"_id":{"$oid":"62ae307699e5e4e1265526dd"}}],"__v":0}
{"_id":{"$oid":"62ae30a299e5e4e1265526e2"},"name":"China Team","country":"China","creation_year":1960,"creation_month":3,"creation_day":6,"members":[{"name":"Swimmer 1","age":25,"number_olympic_participation":2,"_id":{"$oid":"62ae30a299e5e4e1265526e3"}},{"name":"Swimmer 2","age":23,"number_olympic_participation":1,"_id":{"$oid":"62ae30a299e5e4e1265526e4"}},{"name":"Swimmer 3","age":26,"number_olympic_participation":2,"_id":{"$oid":"62ae30a299e5e4e1265526e5"}}],"__v":0}
{"_id":{"$oid":"62ae30b999e5e4e1265526e7"},"name":"Iran Team","country":"Iran","creation_year":1981,"creation_month":9,"creation_day":15,"members":[{"name":"Swimmer 1","age":25,"number_olympic_participation":2,"_id":{"$oid":"62ae30b999e5e4e1265526e8"}},{"name":"Swimmer 2","age":23,"number_olympic_participation":1,"_id":{"$oid":"62ae30b999e5e4e1265526e9"}},{"name":"Swimmer 3","age":26,"number_olympic_participation":2,"_id":{"$oid":"62ae30b999e5e4e1265526ea"}}],"__v":0}
{"_id":{"$oid":"62ae30d399e5e4e1265526ec"},"name":"Brazil Team","country":"Brazil","creation_year":1945,"creation_month":8,"creation_day":23,"members":[{"name":"Swimmer 1","age":25,"number_olympic_participation":2,"_id":{"$oid":"62ae30d399e5e4e1265526ed"}},{"name":"Swimmer 2","age":23,"number_olympic_participation":1,"_id":{"$oid":"62ae30d399e5e4e1265526ee"}},{"name":"Swimmer 3","age":26,"number_olympic_participation":2,"_id":{"$oid":"62ae30d399e5e4e1265526ef"}}],"__v":0}
{"_id":{"$oid":"62ae30fa99e5e4e1265526f1"},"name":"Japan Team","country":"Japan","creation_year":2001,"creation_month":9,"creation_day":6,"members":[{"name":"Swimmer 1","age":25,"number_olympic_participation":2,"_id":{"$oid":"62ae30fa99e5e4e1265526f2"}},{"name":"Swimmer 2","age":23,"number_olympic_participation":1,"_id":{"$oid":"62ae30fa99e5e4e1265526f3"}},{"name":"Swimmer 3","age":26,"number_olympic_participation":2,"_id":{"$oid":"62ae30fa99e5e4e1265526f4"}}],"__v":0}
{"_id":{"$oid":"62ae312f99e5e4e1265526f7"},"name":"Australia Team","country":"Australia","creation_year":1990,"creation_month":12,"creation_day":12,"members":[{"name":"Swimmer 1","age":25,"number_olympic_participation":2,"_id":{"$oid":"62ae312f99e5e4e1265526f8"}},{"name":"Swimmer 2","age":23,"number_olympic_participation":1,"_id":{"$oid":"62ae312f99e5e4e1265526f9"}},{"name":"Swimmer 3","age":26,"number_olympic_participation":2,"_id":{"$oid":"62ae312f99e5e4e1265526fa"}}],"__v":0}
{"_id":{"$oid":"62ae315899e5e4e1265526fc"},"name":"Netherlands Team","country":"Netherlands","creation_year":1992,"creation_month":4,"creation_day":7,"members":[{"name":"Swimmer 1","age":25,"number_olympic_participation":2,"_id":{"$oid":"62ae315899e5e4e1265526fd"}},{"name":"Swimmer 2","age":23,"number_olympic_participation":1,"_id":{"$oid":"62ae315899e5e4e1265526fe"}},{"name":"Swimmer 3","age":26,"number_olympic_participation":2,"_id":{"$oid":"62ae315899e5e4e1265526ff"}}],"__v":0}
{"_id":{"$oid":"62ae318099e5e4e126552701"},"name":"Italy Team","country":"Italy","creation_year":2015,"creation_month":8,"creation_day":8,"members":[{"name":"Swimmer 1","age":25,"number_olympic_participation":2,"_id":{"$oid":"62ae318099e5e4e126552702"}},{"name":"Swimmer 2","age":23,"number_olympic_participation":1,"_id":{"$oid":"62ae318099e5e4e126552703"}},{"name":"Swimmer 3","age":26,"number_olympic_participation":2,"_id":{"$oid":"62ae318099e5e4e126552704"}}],"__v":0}
{"_id":{"$oid":"62ae31a299e5e4e126552706"},"name":"Poland Team","country":"Poland","creation_year":2000,"creation_month":4,"creation_day":5,"members":[{"name":"Swimmer 1","age":25,"number_olympic_participation":2,"_id":{"$oid":"62ae31a299e5e4e126552707"}},{"name":"Swimmer 2","age":23,"number_olympic_participation":1,"_id":{"$oid":"62ae31a299e5e4e126552708"}},{"name":"Swimmer 3","age":26,"number_olympic_participation":2,"_id":{"$oid":"62ae31a299e5e4e126552709"}}],"__v":0}
{"_id":{"$oid":"62ae31bb99e5e4e12655270b"},"name":"Servia Team","country":"Servia","creation_year":2000,"creation_month":10,"creation_day":10,"members":[{"name":"Swimmer 1","age":25,"number_olympic_participation":2,"_id":{"$oid":"62ae31bb99e5e4e12655270c"}},{"name":"Swimmer 2","age":23,"number_olympic_participation":1,"_id":{"$oid":"62ae31bb99e5e4e12655270d"}},{"name":"Swimmer 3","age":26,"number_olympic_participation":2,"_id":{"$oid":"62ae31bb99e5e4e12655270e"}}],"__v":0}
{"_id":{"$oid":"62ae31c799e5e4e126552710"},"name":"Serbia Team","country":"Serbia","creation_year":2000,"creation_month":10,"creation_day":10,"members":[{"name":"Swimmer 1","age":25,"number_olympic_participation":2,"_id":{"$oid":"62ae31c799e5e4e126552711"}},{"name":"Swimmer 2","age":23,"number_olympic_participation":1,"_id":{"$oid":"62ae31c799e5e4e126552712"}},{"name":"Swimmer 3","age":26,"number_olympic_participation":2,"_id":{"$oid":"62ae31c799e5e4e126552713"}}],"__v":0}
{"_id":{"$oid":"62ae31e599e5e4e126552715"},"name":"Slovenia Team","country":"Slovenia","creation_year":1980,"creation_month":10,"creation_day":10,"members":[{"name":"Swimmer 1","age":25,"number_olympic_participation":2,"_id":{"$oid":"62ae31e599e5e4e126552716"}},{"name":"Swimmer 2","age":23,"number_olympic_participation":1,"_id":{"$oid":"62ae31e599e5e4e126552717"}},{"name":"Swimmer 3","age":26,"number_olympic_participation":2,"_id":{"$oid":"62ae31e599e5e4e126552718"}}],"__v":0}
{"_id":{"$oid":"62ae320499e5e4e12655271a"},"name":"Canada Team","country":"Canada","creation_year":2000,"creation_month":5,"creation_day":12,"members":[{"name":"Swimmer 1","age":25,"number_olympic_participation":2,"_id":{"$oid":"62ae320499e5e4e12655271b"}},{"name":"Swimmer 2","age":23,"number_olympic_participation":1,"_id":{"$oid":"62ae320499e5e4e12655271c"}},{"name":"Swimmer 3","age":26,"number_olympic_participation":2,"_id":{"$oid":"62ae320499e5e4e12655271d"}}],"__v":0}
{"_id":{"$oid":"62ae322999e5e4e12655271f"},"name":"Argentina Team","country":"Argentina","creation_year":1970,"creation_month":4,"creation_day":6,"members":[{"name":"Swimmer 1","age":25,"number_olympic_participation":2,"_id":{"$oid":"62ae322999e5e4e126552720"}},{"name":"Swimmer 2","age":23,"number_olympic_participation":1,"_id":{"$oid":"62ae322999e5e4e126552721"}},{"name":"Swimmer 3","age":26,"number_olympic_participation":2,"_id":{"$oid":"62ae322999e5e4e126552722"}}],"__v":0}
